IP,Latitude,Longitude,Location,Type
13.107.42.14,37.751,-97.822,Unknown Location,Source
192.168.0.104,40.7128,-74.0060,New York,Destination
192.168.0.104,40.7128,-74.0060,New York,Source
13.107.42.14,37.751,-97.822,Unknown Location,Destination
192.168.0.104,40.7128,-74.0060,New York,Source
13.107.42.14,37.751,-97.822,Unknown Location,Destination
13.107.42.14,37.751,-97.822,Unknown Location,Source
192.168.0.104,40.7128,-74.0060,New York,Destination
13.107.42.14,37.751,-97.822,Unknown Location,Source
192.168.0.104,40.7128,-74.0060,New York,Destination
192.168.0.104,40.7128,-74.0060,New York,Source
23.206.173.48,19.0748,72.8856,Mumbai,Destination
192.168.0.104,40.7128,-74.0060,New York,Source
23.206.173.48,19.0748,72.8856,Mumbai,Destination
192.168.0.104,40.7128,-74.0060,New York,Source
23.206.173.48,19.0748,72.8856,Mumbai,Destination
192.168.0.104,40.7128,-74.0060,New York,Source
23.206.173.48,19.0748,72.8856,Mumbai,Destination
192.168.0.104,40.7128,-74.0060,New York,Source
23.206.173.48,19.0748,72.8856,Mumbai,Destination
192.168.0.104,40.7128,-74.0060,New York,Source
23.206.173.48,19.0748,72.8856,Mumbai,Destination
192.168.0.104,40.7128,-74.0060,New York,Source
23.206.173.48,19.0748,72.8856,Mumbai,Destination
23.206.173.48,19.0748,72.8856,Mumbai,Source
192.168.0.104,40.7128,-74.0060,New York,Destination
23.206.173.48,19.0748,72.8856,Mumbai,Source
192.168.0.104,40.7128,-74.0060,New York,Destination
192.168.0.104,40.7128,-74.0060,New York,Source
142.250.66.3,37.751,-97.822,Unknown Location,Destination
142.250.66.3,37.751,-97.822,Unknown Location,Source
192.168.0.104,40.7128,-74.0060,New York,Destination
23.206.173.48,19.0748,72.8856,Mumbai,Source
192.168.0.104,40.7128,-74.0060,New York,Destination
23.206.173.48,19.0748,72.8856,Mumbai,Source
192.168.0.104,40.7128,-74.0060,New York,Destination
192.168.0.104,40.7128,-74.0060,New York,Source
23.206.173.48,19.0748,72.8856,Mumbai,Destination
23.206.173.48,19.0748,72.8856,Mumbai,Source
192.168.0.104,40.7128,-74.0060,New York,Destination
192.168.0.104,40.7128,-74.0060,New York,Source
23.206.173.48,19.0748,72.8856,Mumbai,Destination
192.168.0.107,40.7128,-74.0060,New York,Source
192.168.0.255,40.7128,-74.0060,New York,Destination
192.168.0.104,40.7128,-74.0060,New York,Source
163.70.143.61,19.0748,72.8856,Mumbai,Destination
163.70.143.61,19.0748,72.8856,Mumbai,Source
192.168.0.104,40.7128,-74.0060,New York,Destination
163.70.143.61,19.0748,72.8856,Mumbai,Source
192.168.0.104,40.7128,-74.0060,New York,Destination
192.168.0.104,40.7128,-74.0060,New York,Source
163.70.143.61,19.0748,72.8856,Mumbai,Destination
